item_a,item_b,co_occurrences,support_a,support_b,pair_support,lift,jaccard,chi_squared
pastry,napkins,26,0.0517275947336764,0.022121232373187194,0.0017376194613379669,1.5185289272972826,0.024096385542168672,4.964529871715928
sausage,curd,44,0.06034886052262247,0.03368308494285905,0.0029405867807257902,1.4466153386419167,0.032281731474688186,6.681602778608916
canned beer,white bread,23,0.04691572545612511,0.023992514870012697,0.0015371249081066632,1.3655730939853503,0.022157996146435453,2.4197855624887747
canned beer,brown bread,36,0.04691572545612511,0.03762614448974136,0.0024059346387756467,1.3629366489046775,0.02929210740439382,3.7932665457437342
beef,frozen vegetables,19,0.03395041101383412,0.028002405934638777,0.0012697988371315912,1.3356557608103283,0.02092511013215859,1.7068001011953664
frankfurter,margarine,24,0.037759807525228894,0.03221279155249616,0.001603956425850431,1.318664855138986,0.02346041055718475,1.984640166475816
frozen vegetables,cream cheese,13,0.028002405934638777,0.023658357281293858,0.0008688097306689834,1.311428879630004,0.017105263157894735,1.0130931356403114
beef,margarine,21,0.03395041101383412,0.03221279155249616,0.001403461872619127,1.2832971215734963,0.021671826625386994,1.4047437249020884
newspapers,beef,25,0.038895943326872955,0.03395041101383412,0.001670787943594199,1.2652373028113755,0.023474178403755867,1.4971571766807383
curd,dessert,15,0.03368308494285905,0.02359152576355009,0.0010024727661565194,1.2615506542560369,0.017814726840855107,0.8620789992910444
coffee,hamburger meat,13,0.03161130789280225,0.021853906302212123,0.0008688097306689834,1.2576307129326119,0.016518424396442185,0.7243226293885993
butter,margarine,21,0.03522020985096572,0.03221279155249616,0.001403461872619127,1.2370302424275825,0.02125506072874494,1.0215001244107398
frankfurter,coffee,22,0.037759807525228894,0.03161130789280225,0.0014702933903628951,1.231776085614324,0.02165354330708661,1.0296626458660447
sausage,frozen vegetables,31,0.06034886052262247,0.028002405934638777,0.0020717770500568067,1.2259664813919129,0.024012393493415954,1.4136415738077222
sausage,bottled beer,50,0.06034886052262247,0.04531176903027468,0.003341575887188398,1.2220000849348451,0.03265839320705421,2.247899216413571
curd,chicken,17,0.03368308494285905,0.027868742899151238,0.0011361358016440553,1.2103222184157438,0.018805309734513276,0.6614145345149257
brown bread,beef,23,0.03762614448974136,0.03395041101383412,0.0015371249081066632,1.2033013524286376,0.02194656488549619,0.8497491335196354
brown bread,pork,25,0.03762614448974136,0.037091492347791216,0.001670787943594199,1.1971740834973519,0.022872827081427266,0.8760996839070864
domestic eggs,coffee,21,0.037091492347791216,0.03161130789280225,0.001403461872619127,1.1969716016227643,0.0208540218470705,0.7299749332683738
citrus fruit,napkins,21,0.05313105660629553,0.022121232373187194,0.001403461872619127,1.1941059111896482,0.019004524886877826,0.7156144153278785
butter,fruit/vegetable juice,21,0.03522020985096572,0.03401724253157789,0.001403461872619127,1.1714117423381039,0.02068965517241379,0.5651884634204012
dessert,hamburger meat,9,0.02359152576355009,0.021853906302212123,0.0006014836596939117,1.1666450087065001,0.013412816691505217,0.2243123255608601
pip fruit,chocolate,20,0.049054334023925686,0.02359152576355009,0.0013366303548753592,1.1549891548502134,0.01874414245548266,0.447989119363365
dessert,napkins,9,0.02359152576355009,0.022121232373187194,0.0006014836596939117,1.1525465795982643,0.013333333333333336,0.1903147353456399
pork,napkins,14,0.037091492347791216,0.022121232373187194,0.0009356412484127515,1.140317356631556,0.016055045871559634,0.25671724879795904
margarine,hamburger meat,12,0.03221279155249616,0.021853906302212123,0.0008019782129252155,1.1392135216414785,0.015056461731493099,0.2156529245381175
whipped/sour cream,curd,25,0.043707812604424245,0.03368308494285905,0.001670787943594199,1.1348811950876172,0.02206531332744925,0.4336928176126562
domestic eggs,white bread,15,0.037091492347791216,0.023992514870012697,0.0010024727661565194,1.126477452382745,0.016685205784204675,0.22665056275263423
frankfurter,cream cheese,15,0.037759807525228894,0.023658357281293858,0.0010024727661565194,1.1221688915554224,0.016592920353982302,0.2123581799587125
frankfurter,napkins,14,0.037759807525228894,0.022121232373187194,0.0009356412484127515,1.1201347485495818,0.015873015873015876,0.19170195560406506
pork,margarine,20,0.037091492347791216,0.03221279155249616,0.0013366303548753592,1.1186871518821728,0.019665683382497544,0.27024885368475865
margarine,chicken,15,0.03221279155249616,0.027868742899151238,0.0010024727661565194,1.1166751246305862,0.016968325791855206,0.19436415711569685
other vegetables,frankfurter,77,0.12210118291786407,0.037759807525228894,0.005146026866270133,1.1161495948191096,0.03326133909287257,1.1017314839767653
brown bread,white bread,15,0.03762614448974136,0.023992514870012697,0.0010024727661565194,1.1104706679794378,0.016538037486218304,0.17550163351322792
beef,curd,19,0.03395041101383412,0.03368308494285905,0.0012697988371315912,1.1103963567054118,0.019133937562940583,0.22339119589477782
yogurt,sausage,86,0.08587850030074183,0.06034886052262247,0.005747510525964045,1.1089864739670185,0.04091341579448145,1.0723753881982536
bottled beer,frozen vegetables,21,0.04531176903027468,0.028002405934638777,0.001403461872619127,1.1060996472849387,0.01951672862453531,0.23031708881455332
newspapers,hamburger meat,14,0.038895943326872955,0.021853906302212123,0.0009356412484127515,1.1007177611736394,0.01564245810055866,0.1372429526613608
chicken,white bread,11,0.027868742899151238,0.023992514870012697,0.0007351466951814476,1.0994636046037822,0.014379084967320262,0.10431869857086698
root vegetables,frozen vegetables,32,0.06957160997126245,0.028002405934638777,0.002138608567800575,1.0977511526231203,0.022408963585434174,0.30799361069639297
newspapers,napkins,14,0.038895943326872955,0.022121232373187194,0.0009356412484127515,1.0874160359630818,0.01557285873192436,0.10467888621393533
beef,chocolate,13,0.03395041101383412,0.02359152576355009,0.0008688097306689834,1.0847348932658207,0.015330188679245281,0.09122489142752355
bottled beer,fruit/vegetable juice,25,0.04531176903027468,0.03401724253157789,0.001670787943594199,1.083954888699573,0.021514629948364887,0.17627464042930271
frankfurter,brown bread,23,0.037759807525228894,0.03762614448974136,0.0015371249081066632,1.0819063487322973,0.020814479638009052,0.15400896050234472
rolls/buns,chocolate,42,0.11000467820624206,0.02359152576355009,0.002806923745238254,1.0815919096513482,0.021461420541645373,0.2974820682487735
bottled beer,hamburger meat,16,0.04531176903027468,0.021853906302212123,0.0010693042839002875,1.0798444787240762,0.016177957532861477,0.10115404557189639
citrus fruit,frozen vegetables,24,0.05313105660629553,0.028002405934638777,0.001603956425850431,1.0780744810194982,0.02016806722689075,0.14744349797013895
curd,white bread,13,0.03368308494285905,0.023992514870012697,0.0008688097306689834,1.0750707432462308,0.015294117647058823,0.07225618207957181
shopping bags,dessert,18,0.04758404063356279,0.02359152576355009,0.0012029673193878234,1.0716093197950154,0.017191977077363897,0.09262258890758583
shopping bags,cream cheese,18,0.04758404063356279,0.023658357281293858,0.0012029673193878234,1.068582174823843,0.01717557251908397,0.0852037301891132
beef,white bread,13,0.03395041101383412,0.023992514870012697,0.0008688097306689834,1.066605619283662,0.01522248243559719,0.05734672986421559
newspapers,domestic eggs,23,0.038895943326872955,0.037091492347791216,0.0015371249081066632,1.0654437943097737,0.020646319569120285,0.09990306203411166
frankfurter,butter,21,0.037759807525228894,0.03522020985096572,0.001403461872619127,1.0553072156638847,0.0196078431372549,0.06556805287464185
brown bread,chocolate,14,0.03762614448974136,0.02359152576355009,0.0009356412484127515,1.0540558219574419,0.015521064301552109,0.041302279292181214
coffee,napkins,11,0.03161130789280225,0.022121232373187194,0.0007351466951814476,1.0512892573596573,0.013871374527112231,0.0290662198441025
frankfurter,curd,20,0.037759807525228894,0.03368308494285905,0.0013366303548753592,1.050920073043967,0.01906577693040992,0.053068311438593044
bottled beer,butter,25,0.04531176903027468,0.03522020985096572,0.001670787943594199,1.046931761571314,0.0211864406779661,0.057103874771217235
butter,chocolate,13,0.03522020985096572,0.02359152576355009,0.0008688097306689834,1.0456268041347947,0.014994232987312572,0.027475588781310796
whipped/sour cream,chicken,19,0.043707812604424245,0.027868742899151238,0.0012697988371315912,1.0424577768977479,0.01806083650190114,0.035342243405681234
citrus fruit,butter,29,0.05313105660629553,0.03522020985096572,0.0019381140145692708,1.0357118136359837,0.022428460943542148,0.039089922672408545
sausage,dessert,22,0.06034886052262247,0.02359152576355009,0.0014702933903628951,1.0327112332514532,0.017828200972447323,0.024845024577450775
pastry,brown bread,30,0.0517275947336764,0.03762614448974136,0.002004945532313039,1.0301265369628376,0.022953328232593728,0.028963575633529602
sausage,pastry,48,0.06034886052262247,0.0517275947336764,0.003207912851700862,1.0276168156103256,0.029465930018416207,0.03998135219239458
canned beer,newspapers,28,0.04691572545612511,0.038895943326872955,0.001871282496825503,1.0254550082728777,0.022292993630573247,0.019314621041985287
newspapers,butter,21,0.038895943326872955,0.03522020985096572,0.001403461872619127,1.024482090807723,0.019301470588235288,0.013249922103627828
white bread,hamburger meat,8,0.023992514870012697,0.021853906302212123,0.0005346521419501437,1.0196860119427906,0.011799410029498527,0.003184799823913019
canned beer,frozen vegetables,20,0.04691572545612511,0.028002405934638777,0.0013366303548753592,1.0174135949792273,0.0181653042688465,0.006434470933054431
soda,sausage,89,0.09710619528169484,0.06034886052262247,0.005948005079195348,1.0149749363405152,0.03925893250992501,0.023177219861140477
frankfurter,frozen vegetables,16,0.037759807525228894,0.028002405934638777,0.0010693042839002875,1.0112911060890872,0.01652892561983471,0.002156592485259461
yogurt,citrus fruit,69,0.08587850030074183,0.05313105660629553,0.004611374724319989,1.0106423904265471,0.03431128791645947,0.00893379863699597
root vegetables,shopping bags,50,0.06957160997126245,0.04758404063356279,0.003341575887188398,1.0093875810856026,0.029359953024075156,0.00492617495719979
newspapers,white bread,14,0.038895943326872955,0.023992514870012697,0.0009356412484127515,1.002603643186017,0.015102481121898596,0.00010091091207931004
frankfurter,domestic eggs,21,0.037759807525228894,0.037091492347791216,0.001403461872619127,1.0020664912700312,0.01910828025477707,9.658760284783734e-05
citrus fruit,beef,27,0.05313105660629553,0.03395041101383412,0.001804450979081735,1.000349130886941,0.02115987460815047,3.596660257974056e-06
rolls/buns,fruit/vegetable juice,56,0.11000467820624206,0.03401724253157789,0.003742564993651006,1.0001360683874942,0.026679371129109102,1.2058306406486268e-06
whole milk,bottled beer,107,0.15792287642852368,0.04531176903027468,0.007150972398583172,0.999330259894115,0.036468984321745064,5.974119623912823e-05
pastry,newspapers,30,0.0517275947336764,0.038895943326872955,0.002004945532313039,0.9964969764777963,0.022624434389140274,0.0004053478309012446
bottled beer,domestic eggs,25,0.04531176903027468,0.037091492347791216,0.001670787943594199,0.9941135826091578,0.020695364238410598,0.0009478934352840992
bottled beer,newspapers,26,0.04531176903027468,0.038895943326872955,0.0017376194613379669,0.985914707701041,0.021069692058346835,0.0057020858445805695
sausage,chocolate,21,0.06034886052262247,0.02359152576355009,0.001403461872619127,0.9857698135582053,0.017004048582995947,0.004701828405536866
curd,margarine,16,0.03368308494285905,0.03221279155249616,0.0010693042839002875,0.9855101099914378,0.016494845360824743,0.0036449335646868016
bottled water,chocolate,21,0.06068301811134131,0.02359152576355009,0.001403461872619127,0.9803415656861888,0.01693548387096774,0.009026014261315928
bottled beer,frankfurter,25,0.04531176903027468,0.037759807525228894,0.001670787943594199,0.9765186519435091,0.02052545155993432,0.015365986796131286
chicken,napkins,9,0.027868742899151238,0.022121232373187194,0.0006014836596939117,0.9756569366863007,0.012178619756427604,0.005750239137753668
shopping bags,newspapers,27,0.04758404063356279,0.038895943326872955,0.001804450979081735,0.9749435306382486,0.021310181531176007,0.01899446122263151
root vegetables,cream cheese,24,0.06957160997126245,0.023658357281293858,0.001603956425850431,0.9744867223497614,0.0175054704595186,0.017647494678156267
pip fruit,frankfurter,27,0.049054334023925686,0.037759807525228894,0.001804450979081735,0.974177135829857,0.02122641509433962,0.020197399543129785
pip fruit,frozen vegetables,20,0.049054334023925686,0.028002405934638777,0.0013366303548753592,0.9730576889310867,0.0176522506619594,0.016141363049868004
domestic eggs,chicken,15,0.037091492347791216,0.027868742899151238,0.0010024727661565194,0.9697971352647613,0.01567398119122257,0.01507289612745179
sausage,white bread,21,0.06034886052262247,0.023992514870012697,0.001403461872619127,0.9692945520502688,0.0169218372280419,0.02227278910659802
margarine,chocolate,11,0.03221279155249616,0.02359152576355009,0.0007351466951814476,0.9673633232635501,0.013349514563106795,0.012817505420724507
canned beer,chocolate,16,0.04691572545612511,0.02359152576355009,0.0010693042839002875,0.9661105865071872,0.015399422521655439,0.020438941621262648
yogurt,pork,46,0.08587850030074183,0.037091492347791216,0.0030742498162133263,0.9651179584253514,0.02564102564102564,0.06588586897540191
canned beer,fruit/vegetable juice,23,0.04691572545612511,0.03401724253157789,0.0015371249081066632,0.9631448737539112,0.019360269360269362,0.03523151725055726
sausage,margarine,28,0.06034886052262247,0.03221279155249616,0.001871282496825503,0.962591270224195,0.020633750921149593,0.04476262161755039
bottled water,frankfurter,33,0.06068301811134131,0.037759807525228894,0.002205440085544343,0.9624946395852015,0.02291666666666667,0.05335887194324387
yogurt,canned beer,58,0.08587850030074183,0.04691572545612511,0.0038762280291385416,0.9620694624585674,0.030067392431311558,0.09955528761113766
canned beer,pork,25,0.04691572545612511,0.037091492347791216,0.001670787943594199,0.9601267934601269,0.020292207792207795,0.04510839930161778
shopping bags,chicken,19,0.04758404063356279,0.027868742899151238,0.0012697988371315912,0.9575384636111336,0.017117117117117116,0.03864000817952096
whipped/sour cream,white bread,15,0.043707812604424245,0.023992514870012697,0.0010024727661565194,0.9559556361963661,0.015030060120240482,0.03261297723671425
soda,shopping bags,66,0.09710619528169484,0.04758404063356279,0.004410880171088686,0.9545902704207491,0.03144354454502144,0.16579118130836354
butter,beef,17,0.03522020985096572,0.03395041101383412,0.0011361358016440553,0.9501524003048006,0.01669941060903733,0.04769979749559112
bottled water,domestic eggs,32,0.06068301811134131,0.037091492347791216,0.002138608567800575,0.9501448585149027,0.022361984626135572,0.09255137259613157
brown bread,curd,18,0.03762614448974136,0.03368308494285905,0.0012029673193878234,0.9491880233443291,0.017159199237368927,0.05264886791667341
bottled water,curd,29,0.06068301811134131,0.03368308494285905,0.0019381140145692708,0.9482007377106495,0.02096890817064353,0.09040929914867273
whipped/sour cream,beef,21,0.043707812604424245,0.03395041101383412,0.001403461872619127,0.945793903055696,0.018404907975460124,0.07062021441058032
whole milk,sausage,134,0.15792287642852368,0.06034886052262247,0.008955423377664907,0.9396627314134622,0.04278416347381865,0.6561234720521603
root vegetables,newspapers,38,0.06957160997126245,0.038895943326872955,0.0025395976742631824,0.9384876424004145,0.02397476340694006,0.1713272404098987
bottled beer,chocolate,15,0.04531176903027468,0.02359152576355009,0.0010024727661565194,0.9377898668805936,0.014763779527559053,0.06640715517877638
rolls/buns,chicken,43,0.11000467820624206,0.027868742899151238,0.0028737552629820224,0.937392006200629,0.02128712871287129,0.20782326040013283
shopping bags,coffee,21,0.04758404063356279,0.03161130789280225,0.001403461872619127,0.9330326389053851,0.01804123711340206,0.10943908562733214
tropical fruit,fruit/vegetable juice,32,0.0677671589921807,0.03401724253157789,0.002138608567800575,0.9277114503047708,0.021462105969148226,0.20016231351079847
fruit/vegetable juice,beef,16,0.03401724253157789,0.03395041101383412,0.0010693042839002875,0.9258852466624387,0.015984015984015987,0.10171929917147873
bottled water,bottled beer,38,0.06068301811134131,0.04531176903027468,0.0025395976742631824,0.9236059672787285,0.024547803617571057,0.26775771697912265
other vegetables,frozen vegetables,47,0.12210118291786407,0.028002405934638777,0.003141081333957094,0.9186793692595684,0.021373351523419737,0.3964840468781229
soda,butter,47,0.09710619528169484,0.03522020985096572,0.003141081333957094,0.9184178255810461,0.02431453698913606,0.39100583271830364
domestic eggs,chocolate,12,0.037091492347791216,0.02359152576355009,0.0008019782129252155,0.9164995023351964,0.013392857142857144,0.09709806528005864
domestic eggs,dessert,12,0.037091492347791216,0.02359152576355009,0.0008019782129252155,0.9164995023351964,0.013392857142857144,0.09709806528005864
rolls/buns,pip fruit,74,0.11000467820624206,0.049054334023925686,0.004945532313038829,0.9164831926791396,0.032090199479618386,0.6654440637035648
fruit/vegetable juice,dessert,11,0.03401724253157789,0.02359152576355009,0.0007351466951814476,0.9160493552318885,0.012925969447708578,0.08972654999633335
bottled water,pastry,43,0.06068301811134131,0.0517275947336764,0.0028737552629820224,0.9155041605482135,0.026235509456985967,0.3764727066565964
fruit/vegetable juice,margarine,15,0.03401724253157789,0.03221279155249616,0.0010024727661565194,0.91483993510993,0.015368852459016393,0.12719465449815598
yogurt,napkins,26,0.08587850030074183,0.022121232373187194,0.0017376194613379669,0.9146625600996862,0.016352201257861635,0.2315808936609498
whole milk,newspapers,84,0.15792287642852368,0.038895943326872955,0.005613847490476508,0.9139264694975372,0.029360363509262494,0.8413660516344268
sausage,butter,29,0.06034886052262247,0.03522020985096572,0.0019381140145692708,0.9118393043639059,0.020699500356887935,0.2726684341148262
root vegetables,coffee,30,0.06957160997126245,0.03161130789280225,0.002004945532313039,0.9116498406760453,0.02021563342318059,0.2850855502234246
frozen vegetables,chocolate,9,0.028002405934638777,0.02359152576355009,0.0006014836596939117,0.9104842908043568,0.01179554390563565,0.08345874234795732
coffee,chicken,12,0.03161130789280225,0.027868742899151238,0.0008019782129252155,0.9103381142865834,0.01366742596810934,0.1125692155877375
whipped/sour cream,hamburger meat,13,0.043707812604424245,0.021853906302212123,0.0008688097306689834,0.9095708367234333,0.013429752066115701,0.12494805994251447
pork,curd,17,0.037091492347791216,0.03368308494285905,0.0011361358016440553,0.9093772343772345,0.0163147792706334,0.16499654932215205
curd,hamburger meat,10,0.03368308494285905,0.021853906302212123,0.0006683151774376796,0.9079049560700938,0.01218026796589525,0.09883455820097993
domestic eggs,hamburger meat,11,0.037091492347791216,0.021853906302212123,0.0007351466951814476,0.9069234371986666,0.012629161882893227,0.11156140754749448
pork,hamburger meat,11,0.037091492347791216,0.021853906302212123,0.0007351466951814476,0.9069234371986666,0.012629161882893227,0.11156140754749448
rolls/buns,shopping bags,71,0.11000467820624206,0.04758404063356279,0.004745037759807526,0.9064987303234263,0.031045037166593795,0.8078147471760545
pip fruit,brown bread,25,0.049054334023925686,0.03762614448974136,0.001670787943594199,0.9052201857507224,0.019654088050314465,0.271092789052131
cream cheese,hamburger meat,7,0.023658357281293858,0.021853906302212123,0.00046782062420637575,0.9048273121512121,0.010385756676557865,0.07337556699978316
whipped/sour cream,newspapers,23,0.043707812604424245,0.038895943326872955,0.0015371249081066632,0.9041610181069181,0.018961253091508656,0.25421748739878636
tropical fruit,hamburger meat,20,0.0677671589921807,0.021853906302212123,0.0013366303548753592,0.9025327373951229,0.015140045420136262,0.23086412244921956
domestic eggs,beef,17,0.037091492347791216,0.03395041101383412,0.0011361358016440553,0.9022167837128467,0.016252390057361378,0.19367885613043187
bottled beer,brown bread,23,0.04531176903027468,0.03762614448974136,0.0015371249081066632,0.9015886239435809,0.018883415435139574,0.2689085659965441
whole milk,domestic eggs,79,0.15792287642852368,0.037091492347791216,0.005279689901757669,0.9013408668931311,0.02782669954209229,1.0521453156736094
yogurt,tropical fruit,78,0.08587850030074183,0.0677671589921807,0.005212858384013901,0.8957198443579768,0.035119315623592974,1.111213288585538
frozen vegetables,white bread,9,0.028002405934638777,0.023992514870012697,0.0006014836596939117,0.8952672831586016,0.011703511053315995,0.11623480637646413
brown bread,hamburger meat,11,0.03762614448974136,0.021853906302212123,0.0007351466951814476,0.8940364256576554,0.012514220705346985,0.14675845441961458
citrus fruit,whipped/sour cream,31,0.05313105660629553,0.043707812604424245,0.0020717770500568067,0.892145096455292,0.021861777150916785,0.44640136159277755
citrus fruit,white bread,17,0.05313105660629553,0.023992514870012697,0.0011361358016440553,0.8912632925141466,0.014951627088830254,0.24403506721758655
whipped/sour cream,frankfurter,22,0.043707812604424245,0.037759807525228894,0.0014702933903628951,0.8908716949473628,0.018379281537176273,0.31960108059546727
whole milk,hamburger meat,46,0.15792287642852368,0.021853906302212123,0.0030742498162133263,0.890768874377023,0.01739788199697428,0.7480489581874201
yogurt,hamburger meat,25,0.08587850030074183,0.021853906302212123,0.001670787943594199,0.8902414355239829,0.01575299306868305,0.37835666838947374
other vegetables,white bread,39,0.12210118291786407,0.023992514870012697,0.0026064291920069507,0.8897137185486049,0.01816488122962273,0.6222425353176082
pastry,frankfurter,26,0.0517275947336764,0.037759807525228894,0.0017376194613379669,0.8896160618325674,0.019801980198019802,0.39027065308185116
rolls/buns,frozen vegetables,41,0.11000467820624206,0.028002405934638777,0.0027400922274944863,0.8895260659383998,0.020256916996047432,0.6502672830190446
brown bread,frozen vegetables,14,0.03762614448974136,0.028002405934638777,0.0009356412484127515,0.8880231626514963,0.014462809917355372,0.21132512288641445
pastry,hamburger meat,15,0.0517275947336764,0.021853906302212123,0.0010024727661565194,0.8867908873242776,0.013812154696132598,0.23372005112663502
whole milk,frankfurter,79,0.15792287642852368,0.037759807525228894,0.005279689901757669,0.8853879311959075,0.027729027729027734,1.4465013213411024
rolls/buns,frankfurter,55,0.11000467820624206,0.037759807525228894,0.0036757334759072377,0.8849181173991119,0.025510204081632657,0.9611746346652891
frankfurter,fruit/vegetable juice,17,0.037759807525228894,0.03401724253157789,0.0011361358016440553,0.8845071891788516,0.016083254493850518,0.2758065582629086
pastry,bottled beer,31,0.0517275947336764,0.04531176903027468,0.0020717770500568067,0.883913394769538,0.021815622800844474,0.5220613226224629
brown bread,napkins,11,0.03762614448974136,0.022121232373187194,0.0007351466951814476,0.8832323600907955,0.01245753114382786,0.1804404430553689
pip fruit,pork,24,0.049054334023925686,0.037091492347791216,0.001603956425850431,0.8815376684586494,0.018972332015810275,0.4172440880789669
pastry,chicken,19,0.0517275947336764,0.027868742899151238,0.0012697988371315912,0.8808364161384071,0.016211604095563138,0.33226716967881964
canned beer,bottled beer,28,0.04691572545612511,0.04531176903027468,0.001871282496825503,0.880257838959904,0.02071005917159763,0.5012442929782871
margarine,dessert,10,0.03221279155249616,0.02359152576355009,0.0006683151774376796,0.8794212029668638,0.012121212121212121,0.17495789450170926
sausage,fruit/vegetable juice,27,0.06034886052262247,0.03401724253157789,0.001804450979081735,0.8789757781853548,0.019494584837545126,0.49567319655716274
tropical fruit,chocolate,21,0.0677671589921807,0.02359152576355009,0.001403461872619127,0.8778601002397036,0.015601783060921248,0.39206056783874216
yogurt,bottled beer,51,0.08587850030074183,0.04531176903027468,0.003408407404932166,0.8759030336420921,0.026673640167364017,1.027474336779455
tropical fruit,cream cheese,21,0.0677671589921807,0.023658357281293858,0.001403461872619127,0.875380269448066,0.015590200445434299,0.40932657862564326
domestic eggs,pork,18,0.037091492347791216,0.037091492347791216,0.0012029673193878234,0.8743900657414172,0.016483516483516484,0.35030409903234144
sausage,canned beer,37,0.06034886052262247,0.04691572545612511,0.0024727661565194146,0.8733645051474508,0.023596938775510203,0.7586110098555952
whole milk,beef,70,0.15792287642852368,0.03395041101383412,0.004678206242063757,0.8725479088706803,0.024991074616208496,1.6019590105036894
bottled water,white bread,19,0.06068301811134131,0.023992514870012697,0.0012697988371315912,0.8721515958425877,0.015224358974358972,0.3884068866962553
beef,coffee,14,0.03395041101383412,0.03161130789280225,0.0009356412484127515,0.871810024803982,0.014477766287487074,0.28207537520013287
shopping bags,pork,23,0.04758404063356279,0.037091492347791216,0.0015371249081066632,0.870910517258832,0.018488745980707398,0.4798708109999755
other vegetables,pork,59,0.12210118291786407,0.037091492347791216,0.00394305954688231,0.870641084434188,0.025398191993112357,1.341454970941252
citrus fruit,brown bread,26,0.05313105660629553,0.03762614448974136,0.0017376194613379669,0.8691935609995867,0.01951951951951952,0.5616702288448546
pastry,pip fruit,33,0.0517275947336764,0.049054334023925686,0.002205440085544343,0.8691517225355385,0.022372881355932205,0.720884268202711
canned beer,chicken,17,0.04691572545612511,0.027868742899151238,0.0011361358016440553,0.8689492850164313,0.015426497277676952,0.36264113835269884
yogurt,shopping bags,53,0.08587850030074183,0.04758404063356279,0.003542070440419702,0.8667850741048397,0.02726337448559671,1.246348894524279
citrus fruit,frankfurter,26,0.05313105660629553,0.037759807525228894,0.0017376194613379669,0.8661167696332165,0.019490254872563718,0.5905761443463465
root vegetables,margarine,29,0.06957160997126245,0.03221279155249616,0.0019381140145692708,0.8648064221682789,0.01941097724230254,0.6806571076043338
newspapers,chicken,14,0.038895943326872955,0.027868742899151238,0.0009356412484127515,0.8631527767476741,0.014213197969543147,0.3251000417715927
brown bread,domestic eggs,18,0.03762614448974136,0.037091492347791216,0.0012029673193878234,0.8619653401180934,0.016363636363636365,0.42936848130585853
yogurt,frozen vegetables,31,0.08587850030074183,0.028002405934638777,0.0020717770500568067,0.8615157452894142,0.01852958756724447,0.7766586033670416
whole milk,frozen vegetables,57,0.15792287642852368,0.028002405934638777,0.003809396511394774,0.8614216586859672,0.02091743119266055,1.5525039978235697
tropical fruit,bottled water,53,0.0677671589921807,0.06068301811134131,0.003542070440419702,0.8613323167287926,0.028357410379882292,1.3511982525283537
other vegetables,curd,53,0.12210118291786407,0.03368308494285905,0.003542070440419702,0.861242517441204,0.023266022827041266,1.3966873063828271
yogurt,newspapers,43,0.08587850030074183,0.038895943326872955,0.0028737552629820224,0.8603219810929708,0.023574561403508772,1.1099137610428365
pastry,coffee,21,0.0517275947336764,0.03161130789280225,0.001403461872619127,0.8582935903108969,0.017128874388254486,0.5350317967191947
soda,curd,42,0.09710619528169484,0.03368308494285905,0.002806923745238254,0.8581670107822896,0.02193211488250653,1.128432879824473
bottled water,sausage,47,0.06068301811134131,0.06034886052262247,0.003141081333957094,0.8577148613773959,0.026643990929705215,1.2568839683119966
yogurt,pip fruit,54,0.08587850030074183,0.049054334023925686,0.00360890195816347,0.8566693879282011,0.02748091603053435,1.4896999242386286
whole milk,pork,75,0.15792287642852368,0.037091492347791216,0.005012363830782597,0.8557033546453776,0.026380583890256774,2.2506792396445086
shopping bags,frankfurter,23,0.04758404063356279,0.037759807525228894,0.0015371249081066632,0.8554961718206227,0.01834130781499203,0.6125736521771239
whole milk,pip fruit,99,0.15792287642852368,0.049054334023925686,0.006616320256633028,0.8540712229062719,0.03302201467645097,3.0825875429842444
citrus fruit,chocolate,16,0.05313105660629553,0.02359152576355009,0.0010693042839002875,0.8530938763874785,0.014134275618374558,0.43780583384904276
whole milk,citrus fruit,107,0.15792287642852368,0.05313105660629553,0.007150972398583172,0.8522590140983772,0.035070468698787285,3.436943703736174
other vegetables,shopping bags,74,0.12210118291786407,0.04758404063356279,0.004945532313038829,0.8512004698560298,0.03002028397565923,2.3021406676918867
tropical fruit,domestic eggs,32,0.0677671589921807,0.037091492347791216,0.002138608567800575,0.850820050820051,0.02081977878985036,0.9324461276383244
tropical fruit,shopping bags,41,0.0677671589921807,0.04758404063356279,0.0027400922274944863,0.8497371074618266,0.02433234421364985,1.2270201637524307
rolls/buns,margarine,45,0.11000467820624206,0.03221279155249616,0.003007418298469558,0.8487002314172922,0.02160345655304849,1.4091821042956352
domestic eggs,fruit/vegetable juice,16,0.037091492347791216,0.03401724253157789,0.0010693042839002875,0.8474769464946285,0.015267175572519085,0.4721811805828446
tropical fruit,napkins,19,0.0677671589921807,0.022121232373187194,0.0012697988371315912,0.8470446974978697,0.014328808446455505,0.5756611653299815
other vegetables,bottled beer,70,0.12210118291786407,0.04531176903027468,0.004678206242063757,0.8455678748629617,0.02874743326488706,2.3556937422767255
canned beer,dessert,14,0.04691572545612511,0.02359152576355009,0.0009356412484127515,0.8453467631937888,0.013448607108549471,0.42564577371505946
whole milk,shopping bags,95,0.15792287642852368,0.04758404063356279,0.006348994185657956,0.8448868796568827,0.031879194630872486,3.3732115204902366
bottled water,butter,27,0.06068301811134131,0.03522020985096572,0.001804450979081735,0.8442789791772898,0.019176136363636364,0.8557204294493194
margarine,napkins,9,0.03221279155249616,0.022121232373187194,0.0006014836596939117,0.8440849431497662,0.01119402985074627,0.27388457688507767
pastry,butter,23,0.0517275947336764,0.03522020985096572,0.0015371249081066632,0.8437133793252235,0.017996870109546165,0.727805261891245
sausage,cream cheese,18,0.06034886052262247,0.023658357281293858,0.0012029673193878234,0.8425587026296526,0.014527845036319612,0.5772197710072263
fruit/vegetable juice,frozen vegetables,12,0.03401724253157789,0.028002405934638777,0.0008019782129252155,0.8419147469651288,0.013100436681222707,0.37936851310576064
whole milk,butter,70,0.15792287642852368,0.03522020985096572,0.004678206242063757,0.8410898248696499,0.02482269503546099,2.5868962236303683
pip fruit,fruit/vegetable juice,21,0.049054334023925686,0.03401724253157789,0.001403461872619127,0.8410544798531072,0.01718494271685761,0.6866994068226013
pork,dessert,11,0.037091492347791216,0.02359152576355009,0.0007351466951814476,0.8401245438072634,0.01226309921962096,0.35595577404994844
root vegetables,frankfurter,33,0.06957160997126245,0.037759807525228894,0.002205440085544343,0.8395246231924716,0.02097902097902098,1.1306569661578214
curd,cream cheese,10,0.03368308494285905,0.023658357281293858,0.0006683151774376796,0.8386579678952562,0.011792452830188678,0.3289946023648771
soda,frankfurter,46,0.09710619528169484,0.037759807525228894,0.0030742498162133263,0.8384215751359715,0.023326572008113593,1.6487012228502282
shopping bags,canned beer,28,0.04758404063356279,0.04691572545612511,0.001871282496825503,0.8382230545151895,0.020202020202020204,0.9631051922214072
pastry,fruit/vegetable juice,22,0.0517275947336764,0.03401724253157789,0.0014702933903628951,0.8355695669169422,0.017446471054718478,0.7771448639855649
rolls/buns,domestic eggs,51,0.11000467820624206,0.037091492347791216,0.003408407404932166,0.835345308856852,0.02372093023255814,1.9314328231503495
rolls/buns,pork,51,0.11000467820624206,0.037091492347791216,0.003408407404932166,0.835345308856852,0.02372093023255814,1.9314328231503495
root vegetables,hamburger meat,19,0.06957160997126245,0.021853906302212123,0.0012697988371315912,0.8351679019526624,0.01408450704225352,0.6791671956214002
soda,pork,45,0.09710619528169484,0.037091492347791216,0.003007418298469558,0.8349733077881736,0.022924095771777894,1.6882105660615832
tropical fruit,whipped/sour cream,37,0.0677671589921807,0.043707812604424245,0.0024727661565194146,0.8348427820904887,0.022685469037400367,1.3560544816788496
soda,margarine,39,0.09710619528169484,0.03221279155249616,0.0026064291920069507,0.8332409980209783,0.020569620253164562,1.4895531371124648
shopping bags,domestic eggs,22,0.04758404063356279,0.037091492347791216,0.0014702933903628951,0.8330448425954045,0.017670682730923697,0.8026797219196345
fruit/vegetable juice,chocolate,10,0.03401724253157789,0.02359152576355009,0.0006683151774376796,0.8327721411198986,0.011737089201877934,0.35603291976686335
fruit/vegetable juice,cream cheese,10,0.03401724253157789,0.023658357281293858,0.0006683151774376796,0.8304196774444187,0.011723329425556858,0.3671826017718885
whole milk,white bread,47,0.15792287642852368,0.023992514870012697,0.003141081333957094,0.8290073168402851,0.017570093457943928,2.0169239873629046
brown bread,dessert,11,0.03762614448974136,0.02359152576355009,0.0007351466951814476,0.8281867172522758,0.012154696132596687,0.41725595123919557
soda,pip fruit,59,0.09710619528169484,0.049054334023925686,0.00394305954688231,0.8277687242968135,0.02772556390977444,2.46249103757268
rolls/buns,yogurt,117,0.11000467820624206,0.08587850030074183,0.007819287576020852,0.8276973774413625,0.04157782515991471,5.158297794244462
tropical fruit,bottled beer,38,0.0677671589921807,0.04531176903027468,0.0025395976742631824,0.8270554420996898,0.022974607013301087,1.5441049200496069
white bread,dessert,7,0.023992514870012697,0.02359152576355009,0.00046782062420637575,0.8265089523148185,0.009929078014184398,0.2674976241197595
other vegetables,hamburger meat,33,0.12210118291786407,0.021853906302212123,0.002205440085544343,0.8265065806982923,0.01555869872701556,1.3995404277043613
other vegetables,pip fruit,74,0.12210118291786407,0.049054334023925686,0.004945532313038829,0.8256876492336418,0.029754724567752307,3.261910822365184
shopping bags,napkins,13,0.04758404063356279,0.022121232373187194,0.0008688097306689834,0.8253801894157982,0.012621359223300972,0.5156614391959587
frankfurter,chocolate,11,0.037759807525228894,0.02359152576355009,0.0007351466951814476,0.8252550828549224,0.01212789415656009,0.4332100750007538
root vegetables,bottled water,52,0.06957160997126245,0.06068301811134131,0.0034752389226759338,0.8231622423372984,0.027411702688455452,2.2603348093741937
whole milk,yogurt,167,0.15792287642852368,0.08587850030074183,0.011160863463209249,0.822940237876076,0.047974719908072394,8.264795908877348
soda,tropical fruit,81,0.09710619528169484,0.0677671589921807,0.005413352937245205,0.822621631637461,0.03394803017602682,3.6806551845777644
whole milk,fruit/vegetable juice,66,0.15792287642852368,0.03401724253157789,0.004410880171088686,0.8210717454003977,0.023521026372059873,3.1637301655627534
tropical fruit,curd,28,0.0677671589921807,0.03368308494285905,0.001871282496825503,0.8198005698005699,0.018791946308724834,1.2311547985856555
root vegetables,butter,30,0.06957160997126245,0.03522020985096572,0.002004945532313039,0.8182360050090501,0.019505851755526656,1.3494202927304257
other vegetables,soda,145,0.12210118291786407,0.09710619528169484,0.009690570072846355,0.817301915030752,0.046251993620414676,7.470889949400977
butter,chicken,12,0.03522020985096572,0.027868742899151238,0.0008019782129252155,0.8170586870162315,0.012875536480686693,0.5240810698062681
soda,bottled water,72,0.09710619528169484,0.06068301811134131,0.0048118692775512934,0.8165818252377735,0.031454783748361734,3.4975881955565513
other vegetables,sausage,90,0.12210118291786407,0.06034886052262247,0.006014836596939116,0.816271977917069,0.03409090909090909,4.511773743385377
rolls/buns,tropical fruit,91,0.11000467820624206,0.0677671589921807,0.006081668114682885,0.815816119886594,0.035422343324250684,4.560791550432823
rolls/buns,canned beer,63,0.11000467820624206,0.04691572545612511,0.004210385617857381,0.8158161198865937,0.027571115973741792,3.088392399027401
other vegetables,margarine,48,0.12210118291786407,0.03221279155249616,0.003207912851700862,0.8155945737860174,0.02122954444935869,2.3555371641810208
root vegetables,whipped/sour cream,37,0.06957160997126245,0.043707812604424245,0.0024727661565194146,0.8131897992696977,0.022316043425814232,1.7845857255904505
citrus fruit,chicken,18,0.05313105660629553,0.027868742899151238,0.0012029673193878234,0.8124338265236868,0.015075376884422112,0.8467959361526909
yogurt,pastry,54,0.08587850030074183,0.0517275947336764,0.00360890195816347,0.81239706813863,0.026932668329177057,2.698780842958745
whole milk,canned beer,90,0.15792287642852368,0.04691572545612511,0.006014836596939116,0.81182113133023,0.030252100840336135,4.8914846066965705
soda,pastry,61,0.09710619528169484,0.0517275947336764,0.0040767225823698456,0.8115998086468165,0.028162511542012932,3.1158804929189263
frankfurter,white bread,11,0.037759807525228894,0.023992514870012697,0.0007351466951814476,0.8114625187960659,0.012048192771084338,0.513077512286456
sausage,whipped/sour cream,32,0.06034886052262247,0.043707812604424245,0.002138608567800575,0.8107802398393396,0.02098360655737705,1.5726154772374545
rolls/buns,white bread,32,0.11000467820624206,0.023992514870012697,0.002138608567800575,0.8102972682996172,0.016218955904713634,1.6361077462145193
frankfurter,hamburger meat,10,0.037759807525228894,0.021853906302212123,0.0006683151774376796,0.8098833590430571,0.011337868480725623,0.47416617632796193
pip fruit,curd,20,0.049054334023925686,0.03368308494285905,0.0013366303548753592,0.8089507374248519,0.016420361247947452,0.9820268600553664
bottled water,citrus fruit,39,0.06068301811134131,0.05313105660629553,0.0026064291920069507,0.808407447427479,0.0234375,1.99108363137305
rolls/buns,brown bread,50,0.11000467820624206,0.03762614448974136,0.003341575887188398,0.8073288169392834,0.02315886984715146,2.6842412000759626
whipped/sour cream,margarine,17,0.043707812604424245,0.03221279155249616,0.0011361358016440553,0.806942911162714,0.015192135835567472,0.8484126423427666
coffee,chocolate,9,0.03161130789280225,0.02359152576355009,0.0006014836596939117,0.8065389383658045,0.011015911872705017,0.4416955806701839
rolls/buns,hamburger meat,29,0.11000467820624206,0.021853906302212123,0.0019381140145692708,0.8061931250255461,0.014917695473251032,1.55205038770047
sausage,domestic eggs,27,0.06034886052262247,0.037091492347791216,0.001804450979081735,0.8061237317051271,0.018867924528301886,1.3914246492037932
soda,coffee,37,0.09710619528169484,0.03161130789280225,0.0024727661565194146,0.805552120057794,0.019587083112758075,1.986223524541535
pastry,curd,21,0.0517275947336764,0.03368308494285905,0.001403461872619127,0.8055017226528856,0.016706443914081142,1.0762957986075354
rolls/buns,sausage,80,0.11000467820624206,0.06034886052262247,0.005346521419501437,0.8053619028780803,0.03240178209801539,4.499872792599849
rolls/buns,bottled beer,60,0.11000467820624206,0.04531176903027468,0.004009891064626078,0.8044710158173743,0.026501766784452294,3.3559373470006335
butter,dessert,10,0.03522020985096572,0.02359152576355009,0.0006683151774376796,0.804328310872919,0.011494252873563218,0.5053158204001095
whole milk,rolls/buns,209,0.15792287642852368,0.11000467820624206,0.013967787208447505,0.8040284376030019,0.055,13.32052658829823
pip fruit,margarine,19,0.049054334023925686,0.03221279155249616,0.0012697988371315912,0.8035801101224461,0.01587301587301587,0.99119651776238
soda,whipped/sour cream,51,0.09710619528169484,0.043707812604424245,0.003408407404932166,0.8030553678880141,0.024805447470817123,2.8528944383429686
pastry,margarine,20,0.0517275947336764,0.03221279155249616,0.0013366303548753592,0.8021593918534959,0.016181229773462782,1.0633768694026307
butter,cream cheese,10,0.03522020985096572,0.023658357281293858,0.0006683151774376796,0.8020561970003967,0.011481056257175661,0.518619701068312
pip fruit,shopping bags,28,0.049054334023925686,0.04758404063356279,0.001871282496825503,0.8016792701221566,0.019746121297602254,1.516740328071502
whole milk,margarine,61,0.15792287642852368,0.03221279155249616,0.0040767225823698456,0.8013786188525382,0.02191091954022989,3.6847865226556467
bottled water,coffee,23,0.06068301811134131,0.03161130789280225,0.0015371249081066632,0.8013080813254976,0.016936671575846832,1.2457383572265355
newspapers,dessert,11,0.038895943326872955,0.02359152576355009,0.0007351466951814476,0.8011496938368232,0.011904761904761904,0.5785349385467561
pastry,pork,23,0.0517275947336764,0.037091492347791216,0.0015371249081066632,0.8011476592871943,0.01761102603369066,1.2432502240905454
beef,napkins,9,0.03395041101383412,0.022121232373187194,0.0006014836596939117,0.8008837452720223,0.010843373493975905,0.4716306524008309
tropical fruit,pastry,42,0.0677671589921807,0.0517275947336764,0.002806923745238254,0.8007354402703241,0.024054982817869414,2.355932572042751
rolls/buns,citrus fruit,70,0.11000467820624206,0.05313105660629553,0.004678206242063757,0.8004233629076014,0.02952340784479122,4.133520428707776
tropical fruit,canned beer,38,0.0677671589921807,0.04691572545612511,0.0025395976742631824,0.798780042369786,0.022646007151370676,2.167917720733172
root vegetables,pastry,43,0.06957160997126245,0.0517275947336764,0.0028737552629820224,0.798537730814388,0.024266365688487584,2.477104856078946
tropical fruit,citrus fruit,43,0.0677671589921807,0.05313105660629553,0.0028737552629820224,0.7981454604096114,0.024348810872027178,2.4868476425437334
shopping bags,butter,20,0.04758404063356279,0.03522020985096572,0.0013366303548753592,0.7975502633093832,0.016406890894175553,1.1185399597016583
citrus fruit,cream cheese,15,0.05313105660629553,0.023658357281293858,0.0010024727661565194,0.7975162562626587,0.013227513227513227,0.8341426996014082
canned beer,margarine,18,0.04691572545612511,0.03221279155249616,0.0012029673193878234,0.7959889349930844,0.015437392795883362,1.0203795331763061
root vegetables,sausage,50,0.06957160997126245,0.06034886052262247,0.003341575887188398,0.7958847815425791,0.026399155227032733,2.9937875493871275
citrus fruit,coffee,20,0.05313105660629553,0.03161130789280225,0.0013366303548753592,0.7958301753826106,0.016025641025641024,1.1424918826709671
pip fruit,white bread,14,0.049054334023925686,0.023992514870012697,0.0009356412484127515,0.7949800004553976,0.012974976830398518,0.79754544172163
sausage,brown bread,27,0.06034886052262247,0.03762614448974136,0.001804450979081735,0.7946690427999032,0.018763029881862403,1.5840754808189506
bottled beer,chicken,15,0.04531176903027468,0.027868742899151238,0.0010024727661565194,0.7938604868317736,0.01388888888888889,0.8651334196959304
whole milk,pastry,97,0.15792287642852368,0.0517275947336764,0.006482657221145492,0.7935708888429612,0.03190789473684211,6.522932878112313
shopping bags,curd,19,0.04758404063356279,0.03368308494285905,0.0012697988371315912,0.7922490859639736,0.015873015873015872,1.1246865322583617
other vegetables,napkins,32,0.12210118291786407,0.022121232373187194,0.002138608567800575,0.7917755983179465,0.015051740357478834,2.041181532933862
yogurt,chocolate,24,0.08587850030074183,0.02359152576355009,0.001603956425850431,0.7916843950132824,0.01486988847583643,1.4738975680459612
bottled water,chicken,20,0.06068301811134131,0.027868742899151238,0.0013366303548753592,0.7903633040704001,0.015325670498084292,1.217869512324243
soda,chicken,32,0.09710619528169484,0.027868742899151238,0.002138608567800575,0.7902545135261373,0.017410228509249184,2.0295822728409996
yogurt,cream cheese,24,0.08587850030074183,0.023658357281293858,0.001603956425850431,0.7894479984171997,0.014860681114551083,1.5100826779162602
whole milk,chocolate,44,0.15792287642852368,0.02359152576355009,0.0029405867807257902,0.7892833208853681,0.016467065868263474,3.0104690614344323
margarine,coffee,12,0.03221279155249616,0.03161130789280225,0.0008019782129252155,0.7875746756379777,0.012725344644750794,0.7336222525030347
soda,hamburger meat,25,0.09710619528169484,0.021853906302212123,0.001670787943594199,0.7873091842039355,0.014245014245014245,1.6264913843252893
soda,brown bread,43,0.09710619528169484,0.03762614448974136,0.0028737552629820224,0.7865260702729333,0.02179422199695895,2.867243214834075
other vegetables,rolls/buns,158,0.12210118291786407,0.11000467820624206,0.010559379803515338,0.7861535586427697,0.04766214177978884,11.763094058012259
shopping bags,beef,19,0.04758404063356279,0.03395041101383412,0.0012697988371315912,0.7860109041847297,0.015820149875104078,1.203045999114858
yogurt,curd,34,0.08587850030074183,0.03368308494285905,0.0022722716032881106,0.7855320857266384,0.019373219373219373,2.2538039692649026
root vegetables,bottled beer,37,0.06957160997126245,0.04531176903027468,0.0024727661565194146,0.7844043196495314,0.02199762187871581,2.4682965456593644
yogurt,whipped/sour cream,44,0.08587850030074183,0.043707812604424245,0.0029405867807257902,0.783412463261105,0.023218997361477568,3.013939935082907
root vegetables,pip fruit,40,0.06957160997126245,0.049054334023925686,0.0026732607097507185,0.7833067659214703,0.023054755043227664,2.7100678195191374
yogurt,frankfurter,38,0.08587850030074183,0.037759807525228894,0.0025395976742631824,0.7831603594917531,0.02097130242825607,2.5937185018454425
pip fruit,chicken,16,0.049054334023925686,0.027868742899151238,0.0010693042839002875,0.7821797058266194,0.014096916299559472,1.0498554538931753
other vegetables,domestic eggs,53,0.12210118291786407,0.037091492347791216,0.003542070440419702,0.782101313135796,0.022756547874624306,3.806208658785599
frankfurter,beef,15,0.037759807525228894,0.03395041101383412,0.0010024727661565194,0.7819838338791724,0.014177693761814747,0.9808169605119096
soda,root vegetables,79,0.09710619528169484,0.06957160997126245,0.005279689901757669,0.7815007936807017,0.03271221532091098,5.744837767322609
butter,coffee,13,0.03522020985096572,0.03161130789280225,0.0008688097306689834,0.7803515049885466,0.013171225937183381,0.8602637776688195
root vegetables,tropical fruit,55,0.06957160997126245,0.0677671589921807,0.0036757334759072377,0.7796374294933373,0.0275,3.9494654249681953
curd,frozen vegetables,11,0.03368308494285905,0.028002405934638777,0.0007351466951814476,0.7794114861537296,0.01206140350877193,0.7311507019379105
pip fruit,whipped/sour cream,25,0.049054334023925686,0.043707812604424245,0.001670787943594199,0.7792644718312793,0.018341892883345562,1.7189106452450151
whole milk,curd,62,0.15792287642852368,0.03368308494285905,0.004143554100113613,0.7789617045859112,0.02210338680926916,4.779023616725889
citrus fruit,pastry,32,0.05313105660629553,0.0517275947336764,0.002138608567800575,0.7781450603741084,0.02081977878985036,2.254263265110607
root vegetables,domestic eggs,30,0.06957160997126245,0.037091492347791216,0.002004945532313039,0.7769556299815666,0.019157088122605363,2.144073110595071
other vegetables,whipped/sour cream,62,0.12210118291786407,0.043707812604424245,0.004143554100113613,0.7764152727771836,0.02563042579578338,4.754959436834278
whipped/sour cream,cream cheese,12,0.043707812604424245,0.023658357281293858,0.0008019782129252155,0.7755662675581817,0.012048192771084338,0.8347302986972591
fruit/vegetable juice,chicken,11,0.03401724253157789,0.027868742899151238,0.0007351466951814476,0.7754566484337089,0.012021857923497269,0.7616251576530613
whole milk,chicken,51,0.15792287642852368,0.027868742899151238,0.003408407404932166,0.774442316650277,0.01868816416269696,4.092791067879139
other vegetables,newspapers,55,0.12210118291786407,0.038895943326872955,0.0036757334759072377,0.7739623479047582,0.02336448598130841,4.3031804374698
shopping bags,chocolate,13,0.04758404063356279,0.02359152576355009,0.0008688097306689834,0.7739400642963999,0.0123574144486692,0.9230495574838791
yogurt,margarine,32,0.08587850030074183,0.03221279155249616,0.002138608567800575,0.7730694092384197,0.018443804034582133,2.409537980823398
rolls/buns,dessert,30,0.11000467820624206,0.02359152576355009,0.002004945532313039,0.7725656497509631,0.015236160487557134,2.3114191833328888
other vegetables,yogurt,121,0.12210118291786407,0.08587850030074183,0.008086613646995923,0.7711917433908578,0.04045469742561016,10.235710541728835
pastry,canned beer,28,0.0517275947336764,0.04691572545612511,0.001871282496825503,0.7710785721121639,0.019337016574585635,2.1055612162134345
frozen vegetables,chicken,9,0.028002405934638777,0.027868742899151238,0.0006014836596939117,0.7707456946137601,0.010882708585247884,0.6494957381390277
whole milk,other vegetables,222,0.15792287642852368,0.12210118291786407,0.014836596939116486,0.7694304712706218,0.05594758064516129,20.74870919372803
whole milk,cream cheese,43,0.15792287642852368,0.023658357281293858,0.0028737552629820224,0.7691661227349129,0.016080777860882575,3.6232117672857167
sausage,newspapers,27,0.06034886052262247,0.038895943326872955,0.001804450979081735,0.7687262389971572,0.018518518518518517,2.0802126351168733
chocolate,napkins,6,0.02359152576355009,0.022121232373187194,0.00040098910646260775,0.7683643863988429,0.008849557522123894,0.438811631908814
whole milk,tropical fruit,123,0.15792287642852368,0.0677671589921807,0.008220276682483459,0.7681076857970639,0.037799631223110024,10.969313345786597
cream cheese,napkins,6,0.023658357281293858,0.022121232373187194,0.00040098910646260775,0.7661938655333094,0.008836524300441826,0.448371039626326
brown bread,chicken,12,0.03762614448974136,0.027868742899151238,0.0008019782129252155,0.7648133713278046,0.012396694214876033,0.9276460588298906
bottled water,newspapers,27,0.06068301811134131,0.038895943326872955,0.001804450979081735,0.764493164993869,0.01845522898154477,2.169774519646746
yogurt,coffee,31,0.08587850030074183,0.03161130789280225,0.0020717770500568067,0.7631608821908341,0.017950202663578458,2.5739424293481488
whole milk,coffee,57,0.15792287642852368,0.03161130789280225,0.003809396511394774,0.7630775369755185,0.020510975170924796,5.141822560583796
root vegetables,fruit/vegetable juice,27,0.06957160997126245,0.03401724253157789,0.001804450979081735,0.7624544934691404,0.01772816808929744,2.223264570445629
pork,cream cheese,10,0.037091492347791216,0.023658357281293858,0.0006683151774376796,0.7615921005751515,0.011123470522803115,0.7938382385617798
canned beer,curd,18,0.04691572545612511,0.03368308494285905,0.0012029673193878234,0.7612433862433864,0.015151515151515152,1.4635545303712698
shopping bags,white bread,13,0.04758404063356279,0.023992514870012697,0.0008688097306689834,0.7610051328596914,0.012287334593572778,1.0496707643853327
newspapers,coffee,14,0.038895943326872955,0.03161130789280225,0.0009356412484127515,0.7609613274921354,0.013448607108549471,1.1294881169450086
root vegetables,white bread,19,0.06957160997126245,0.023992514870012697,0.0012697988371315912,0.7607239664025645,0.013758146270818247,1.5746672756009488
other vegetables,tropical fruit,94,0.12210118291786407,0.0677671589921807,0.006282162667914188,0.7592241730172766,0.03421914816163087,8.770305681942979
whole milk,soda,174,0.15792287642852368,0.09710619528169484,0.011628684087415625,0.7582956912879479,0.04777594728171335,17.631566621381214
rolls/buns,soda,121,0.11000467820624206,0.09710619528169484,0.008086613646995923,0.7570221747605617,0.04063129617192747,11.74317826271171
curd,chocolate,9,0.03368308494285905,0.02359152576355009,0.0006014836596939117,0.756930392553622,0.010613207547169812,0.7445549638070789
brown bread,butter,15,0.03762614448974136,0.03522020985096572,0.0010024727661565194,0.7564686334053475,0.013953488372093023,1.2665960584660825
yogurt,beef,33,0.08587850030074183,0.03395041101383412,0.002205440085544343,0.7564248291920709,0.01875,2.9309664825063977
coffee,frozen vegetables,10,0.03161130789280225,0.028002405934638777,0.0006683151774376796,0.7549940207985387,0.011337868480725623,0.8446853356720785
yogurt,fruit/vegetable juice,33,0.08587850030074183,0.03401724253157789,0.002205440085544343,0.7549387293311828,0.018739352640545145,2.9728862904686233
canned beer,frankfurter,20,0.04691572545612511,0.037759807525228894,0.0013366303548753592,0.7545067191084891,0.016038492381716122,1.7419324391648512
yogurt,chicken,27,0.08587850030074183,0.027868742899151238,0.001804450979081735,0.7539512358984408,0.016119402985074627,2.4396866615480075
whole milk,brown bread,67,0.15792287642852368,0.03762614448974136,0.004477711688832453,0.7535661158671016,0.02343476740118923,6.662827959680142
tropical fruit,sausage,46,0.0677671589921807,0.06034886052262247,0.0030742498162133263,0.7517108214782635,0.024585783003741316,4.306570582679503
rolls/buns,root vegetables,86,0.11000467820624206,0.06957160997126245,0.005747510525964045,0.7509941721146248,0.0330642060745867,8.57452815212096
canned beer,whipped/sour cream,23,0.04691572545612511,0.043707812604424245,0.0015371249081066632,0.7496035791142824,0.0172543135783946,2.1107194229766453
domestic eggs,curd,14,0.037091492347791216,0.03368308494285905,0.0009356412484127515,0.748898898898899,0.013397129186602873,1.2667691322584183
bottled water,dessert,16,0.06068301811134131,0.02359152576355009,0.0010693042839002875,0.7469269071894773,0.01285140562248996,1.495857107259556
whole milk,bottled water,107,0.15792287642852368,0.06068301811134131,0.007150972398583172,0.7461959429605837,0.03381795195954488,11.67787899945754
butter,frozen vegetables,11,0.03522020985096572,0.028002405934638777,0.0007351466951814476,0.7453954250881967,0.011764705882352941,1.0201052461375486
bottled beer,curd,17,0.04531176903027468,0.03368308494285905,0.0011361358016440553,0.7444017184061432,0.014592274678111587,1.6172466611909084
tropical fruit,chicken,21,0.0677671589921807,0.027868742899151238,0.001403461872619127,0.7431285740638259,0.014893617021276595,2.0574894714697076
pork,beef,14,0.037091492347791216,0.03395041101383412,0.0009356412484127515,0.7430020571752857,0.013346043851286942,1.3378667781085591
rolls/buns,butter,43,0.11000467820624206,0.03522020985096572,0.0028737552629820224,0.7417314356464179,0.020187793427230045,4.503487334953478
other vegetables,citrus fruit,72,0.12210118291786407,0.05313105660629553,0.0048118692775512934,0.7417294048393593,0.02823529411764706,7.789374610483937
other vegetables,cream cheese,32,0.12210118291786407,0.023658357281293858,0.002138608567800575,0.7403325509696055,0.014890646812470917,3.400258064993592
other vegetables,bottled water,82,0.12210118291786407,0.06068301811134131,0.005480184454988973,0.739619124777867,0.030908405578590273,9.115221931209835
citrus fruit,fruit/vegetable juice,20,0.05313105660629553,0.03401724253157789,0.0013366303548753592,0.7395435617995577,0.01557632398753894,2.0057517636353506
rolls/buns,curd,41,0.11000467820624206,0.03368308494285905,0.0027400922274944863,0.7395067889448206,0.01944049312470365,4.374487745833868
whipped/sour cream,butter,17,0.043707812604424245,0.03522020985096572,0.0011361358016440553,0.7380388675150439,0.014604810996563572,1.713265229127882
bottled beer,white bread,12,0.04531176903027468,0.023992514870012697,0.0008019782129252155,0.7376931989055143,0.01170731707317073,1.2011848656082298
soda,frozen vegetables,30,0.09710619528169484,0.028002405934638777,0.002004945532313039,0.737327264633948,0.01628664495114007,3.1988147627556844
fruit/vegetable juice,white bread,9,0.03401724253157789,0.023992514870012697,0.0006014836596939117,0.7369685493977487,0.010477299185098952,0.8961617271658067
root vegetables,chocolate,18,0.06957160997126245,0.02359152576355009,0.0012029673193878234,0.7329354809741124,0.01308139534883721,1.9280782361777549
bottled beer,margarine,16,0.04531176903027468,0.03221279155249616,0.0010693042839002875,0.7325915861883254,0.013986013986013986,1.6903114976573326
brown bread,fruit/vegetable juice,14,0.03762614448974136,0.03401724253157789,0.0009356412484127515,0.7310053146384617,0.013232514177693762,1.4906706811721304
yogurt,bottled water,57,0.08587850030074183,0.06068301811134131,0.003809396511394774,0.7309784192392739,0.026685393258426966,6.572467440241827
soda,chocolate,25,0.09710619528169484,0.02359152576355009,0.001670787943594199,0.7293204057639856,0.014037057832678272,2.8488164224100214
yogurt,butter,33,0.08587850030074183,0.03522020985096572,0.002205440085544343,0.7291533457866641,0.01854974704890388,3.7645224914073756
newspapers,frankfurter,16,0.038895943326872955,0.037759807525228894,0.0010693042839002875,0.7280600918407688,0.014146772767462422,1.7572952939023059
soda,citrus fruit,56,0.09710619528169484,0.05313105660629553,0.003742564993651006,0.7253940015669165,0.025547445255474456,6.809379845426227
yogurt,brown bread,35,0.08587850030074183,0.03762614448974136,0.0023391031210318785,0.7238943679980095,0.019305019305019305,4.18982262771038
sausage,pip fruit,32,0.06034886052262247,0.049054334023925686,0.002138608567800575,0.7224118213282398,0.019937694704049845,3.8198360304117975
chocolate,dessert,6,0.02359152576355009,0.02359152576355009,0.00040098910646260775,0.7204776541020312,0.008571428571428572,0.6824969577009237
other vegetables,dessert,31,0.12210118291786407,0.02359152576355009,0.0020717770500568067,0.7192288787482692,0.0144253140995812,3.9639068996603264
rolls/buns,cream cheese,28,0.11000467820624206,0.023658357281293858,0.001871282496825503,0.7190243768492013,0.014198782961460448,3.538035336492976
cream cheese,dessert,6,0.023658357281293858,0.02359152576355009,0.00040098910646260775,0.7184424064915734,0.008559201141226819,0.6944810943115812
bottled water,margarine,21,0.06068301811134131,0.03221279155249616,0.001403461872619127,0.7179679931270221,0.015339663988312635,2.5592867881478627
tropical fruit,coffee,23,0.0677671589921807,0.03161130789280225,0.0015371249081066632,0.717542147774706,0.015710382513661206,2.8327850179999685
brown bread,margarine,13,0.03762614448974136,0.03221279155249616,0.0008688097306689834,0.7168141919031862,0.012596899224806203,1.561550497538104
yogurt,root vegetables,64,0.08587850030074183,0.06957160997126245,0.00427721713560115,0.715887522099747,0.028293545534924844,8.48455208433496
soda,napkins,23,0.09710619528169484,0.022121232373187194,0.0015371249081066632,0.7155712839151419,0.013060760931289042,2.9451005329037674
rolls/buns,napkins,26,0.11000467820624206,0.022121232373187194,0.0017376194613379669,0.7140591675140321,0.013326499231163507,3.4207297354614825
citrus fruit,shopping bags,27,0.05313105660629553,0.04758404063356279,0.001804450979081735,0.7137322450710197,0.01824324324324324,3.43761134570168
tropical fruit,newspapers,28,0.0677671589921807,0.038895943326872955,0.001871282496825503,0.7099303903427616,0.01785714285714286,3.7038374286927715
chicken,cream cheese,7,0.027868742899151238,0.023658357281293858,0.00046782062420637575,0.709540841902749,0.009162303664921467,0.8769282662939849
shopping bags,brown bread,19,0.04758404063356279,0.03762614448974136,0.0012697988371315912,0.7092247590157065,0.015127388535031847,2.4712351972849387
white bread,chocolate,6,0.023992514870012697,0.02359152576355009,0.00040098910646260775,0.708436244841273,0.008498583569405098,0.7554972011286921
frozen vegetables,dessert,7,0.028002405934638777,0.02359152576355009,0.00046782062420637575,0.7081544484033886,0.009150326797385621,0.8871140928126606
other vegetables,fruit/vegetable juice,44,0.12210118291786407,0.03401724253157789,0.0029405867807257902,0.7079702734468672,0.01919720767888307,6.249970091108426
domestic eggs,frozen vegetables,11,0.037091492347791216,0.028002405934638777,0.0007351466951814476,0.7077898901287923,0.01142263759086189,1.4178444627763207
pork,frozen vegetables,11,0.037091492347791216,0.028002405934638777,0.0007351466951814476,0.7077898901287923,0.01142263759086189,1.4178444627763207
root vegetables,beef,25,0.06957160997126245,0.03395041101383412,0.001670787943594199,0.7073661001308554,0.016404199475065617,3.3671515405080537
white bread,cream cheese,6,0.023992514870012697,0.023658357281293858,0.00040098910646260775,0.7064350125112129,0.008486562942008486,0.7681262167176237
soda,domestic eggs,38,0.09710619528169484,0.037091492347791216,0.0025395976742631824,0.7050885710211243,0.01928934010152284,5.391398475796323
rolls/buns,newspapers,45,0.11000467820624206,0.038895943326872955,0.003007418298469558,0.7028754493868297,0.02061383417315621,6.607742055397657
rolls/buns,bottled water,70,0.11000467820624206,0.06068301811134131,0.004678206242063757,0.7008112043078668,0.028180354267310786,10.695171595940838
sausage,coffee,20,0.06034886052262247,0.03161130789280225,0.0013366303548753592,0.700647828825222,0.014749262536873156,2.8111154730300703
other vegetables,canned beer,60,0.12210118291786407,0.04691572545612511,0.004009891064626078,0.699993918384723,0.024301336573511544,9.220221048727145
frankfurter,chicken,11,0.037759807525228894,0.027868742899151238,0.0007351466951814476,0.6985972284119608,0.01132852729145211,1.5291564097166213
soda,yogurt,87,0.09710619528169484,0.08587850030074183,0.005814342043707813,0.697218956620008,0.03281780460203697,13.860114942856972
bottled water,napkins,14,0.06068301811134131,0.022121232373187194,0.0009356412484127515,0.697000146399244,0.01142857142857143,2.0076260079727613
pip fruit,canned beer,24,0.049054334023925686,0.04691572545612511,0.001603956425850431,0.6969421737814108,0.016997167138810197,3.4896228846098456
pastry,domestic eggs,20,0.0517275947336764,0.037091492347791216,0.0013366303548753592,0.6966501385106038,0.015278838808250574,2.893241815053636
bottled beer,beef,16,0.04531176903027468,0.03395041101383412,0.0010693042839002875,0.6950967412259309,0.013675213675213677,2.320266520290655
root vegetables,napkins,16,0.06957160997126245,0.022121232373187194,0.0010693042839002875,0.6948002008294372,0.011799410029498525,2.3575481115380574
bottled water,shopping bags,30,0.06068301811134131,0.04758404063356279,0.002004945532313039,0.694343043112409,0.018867924528301886,4.512081110134474
citrus fruit,bottled beer,25,0.05313105660629553,0.04531176903027468,0.001670787943594199,0.6940038218214875,0.017265193370165743,3.731287473321902
newspapers,margarine,13,0.038895943326872955,0.03221279155249616,0.0008688097306689834,0.6934130413084085,0.01236917221693625,1.8945602173948461
citrus fruit,dessert,13,0.05313105660629553,0.02359152576355009,0.0008688097306689834,0.6931387745648262,0.011453744493392069,1.9102305040980663
pip fruit,dessert,12,0.049054334023925686,0.02359152576355009,0.0008019782129252155,0.692993492910128,0.011162790697674419,1.7577617392947267
rolls/buns,pastry,59,0.11000467820624206,0.0517275947336764,0.00394305954688231,0.6929468039346816,0.02498941126641254,9.511708309217212
rolls/buns,coffee,36,0.11000467820624206,0.03161130789280225,0.0024059346387756467,0.6918790892907144,0.017282765242438793,5.731617605354168
margarine,white bread,8,0.03221279155249616,0.023992514870012697,0.0005346521419501437,0.6917786844508144,0.009603841536614647,1.1630948278418989
pip fruit,bottled beer,23,0.049054334023925686,0.04531176903027468,0.0015371249081066632,0.6915454976569972,0.01655867530597552,3.485555747736109
canned beer,domestic eggs,18,0.04691572545612511,0.037091492347791216,0.0012029673193878234,0.6912912912912914,0.014527845036319615,2.7039138715725763
pip fruit,coffee,16,0.049054334023925686,0.03161130789280225,0.0010693042839002875,0.6895749203587744,0.013434089000839632,2.4279889962914676
soda,canned beer,47,0.09710619528169484,0.04691572545612511,0.003141081333957094,0.6894675129361986,0.02229601518026566,7.63888824847609
whole milk,napkins,36,0.15792287642852368,0.022121232373187194,0.0024059346387756467,0.6886990141315064,0.013544018058690746,6.151728298829257
pork,fruit/vegetable juice,13,0.037091492347791216,0.03401724253157789,0.0008688097306689834,0.6885750190268856,0.01236917221693625,1.968541543204936
whole milk,root vegetables,113,0.15792287642852368,0.06957160997126245,0.00755196150504578,0.6873574881406962,0.03433606806441811,20.50959172407868
sausage,pork,23,0.06034886052262247,0.037091492347791216,0.0015371249081066632,0.6866979936747379,0.01602787456445993,3.63359685461994
bottled beer,cream cheese,11,0.04531176903027468,0.023658357281293858,0.0007351466951814476,0.6857698781727579,0.010773751224289911,1.6992079276876262
pastry,beef,18,0.0517275947336764,0.03395041101383412,0.0012029673193878234,0.6849935909174145,0.014240506329113924,2.8463758379389033
fruit/vegetable juice,coffee,11,0.03401724253157789,0.03161130789280225,0.0007351466951814476,0.6836478274774981,0.01132852729145211,1.7214039918262454
shopping bags,bottled beer,22,0.04758404063356279,0.04531176903027468,0.0014702933903628951,0.6819172384077424,0.01608187134502924,3.589905737640797
bottled water,whipped/sour cream,27,0.06068301811134131,0.043707812604424245,0.001804450979081735,0.6803287798569293,0.01758957654723127,4.514911237293357
pastry,whipped/sour cream,23,0.0517275947336764,0.043707812604424245,0.0015371249081066632,0.6798730136152795,0.016370106761565837,3.8231460153745784
citrus fruit,pork,20,0.05313105660629553,0.037091492347791216,0.0013366303548753592,0.6782480593801349,0.015037593984962407,3.3481807081394805
pip fruit,napkins,11,0.049054334023925686,0.022121232373187194,0.0007351466951814476,0.6774656930941659,0.010436432637571156,1.8164208969194726
other vegetables,beef,42,0.12210118291786407,0.03395041101383412,0.002806923745238254,0.6771201013666396,0.01831661578717837,7.62468166273834
canned beer,coffee,15,0.04691572545612511,0.03161130789280225,0.0010024727661565194,0.6759455015268969,0.01293103448275862,2.5248447136915364
other vegetables,coffee,39,0.12210118291786407,0.03161130789280225,0.0026064291920069507,0.675279545367757,0.017249004865103938,7.163184404199255
sausage,shopping bags,29,0.06034886052262247,0.04758404063356279,0.0019381140145692708,0.6749147660109249,0.01828499369482976,5.073997465948678
brown bread,coffee,12,0.03762614448974136,0.03161130789280225,0.0008019782129252155,0.6742646423756755,0.011718749999999998,2.0262225251007626
bottled water,pip fruit,30,0.06068301811134131,0.049054334023925686,0.002004945532313039,0.6735316712480044,0.018610421836228287,5.314684240954888
tropical fruit,margarine,22,0.0677671589921807,0.03221279155249616,0.0014702933903628951,0.6735290988403022,0.014925373134328358,3.8587886939939944
root vegetables,pork,26,0.06957160997126245,0.037091492347791216,0.0017376194613379669,0.6733615459840243,0.016560509554140127,4.598240498584081
bottled water,brown bread,23,0.06068301811134131,0.03762614448974136,0.0015371249081066632,0.6732126509182245,0.015883977900552487,4.035989688182382
domestic eggs,margarine,12,0.037091492347791216,0.03221279155249616,0.0008019782129252155,0.6712122911293037,0.011707317073170732,2.073898949779318
other vegetables,brown bread,46,0.12210118291786407,0.03762614448974136,0.0030742498162133263,0.6691593727791438,0.01962457337883959,8.905896779272693
tropical fruit,dessert,16,0.0677671589921807,0.02359152576355009,0.0010693042839002875,0.6688457906588219,0.011843079200592157,2.88203071984708
soda,bottled beer,44,0.09710619528169484,0.04531176903027468,0.0029405867807257902,0.6683070526446149,0.021082894106372783,8.403319289664728
other vegetables,butter,43,0.12210118291786407,0.03522020985096572,0.0028737552629820224,0.6682484636420382,0.018606663781912593,8.361490696922697
whole milk,whipped/sour cream,69,0.15792287642852368,0.043707812604424245,0.004611374724319989,0.6680766557827672,0.023405698778833108,14.130447377164337
margarine,frozen vegetables,9,0.03221279155249616,0.028002405934638777,0.0006014836596939117,0.6668069598629418,0.010089686098654708,1.5929023756347076
pip fruit,newspapers,19,0.049054334023925686,0.038895943326872955,0.0012697988371315912,0.66550792625261,0.014649190439475712,3.494989834378853
citrus fruit,margarine,17,0.05313105660629553,0.03221279155249616,0.0011361358016440553,0.6638247344659307,0.013492063492063491,3.158328172585588
canned beer,cream cheese,11,0.04691572545612511,0.023658357281293858,0.0007351466951814476,0.6623247541326637,0.010526315789473684,2.035105980969768
soda,white bread,23,0.09710619528169484,0.023992514870012697,0.0015371249081066632,0.6597607102393089,0.012856344326439353,4.579525606996823
sausage,hamburger meat,13,0.06034886052262247,0.021853906302212123,0.0008688097306689834,0.6587589448694633,0.010682004930156119,2.5001669488825256
pip fruit,butter,17,0.049054334023925686,0.03522020985096572,0.0011361358016440553,0.6575986639711698,0.013665594855305465,3.3035052360698716
pastry,dessert,12,0.0517275947336764,0.02359152576355009,0.0008019782129252155,0.6571798757054702,0.010762331838565023,2.3177412673667925
frozen vegetables,hamburger meat,6,0.028002405934638777,0.021853906302212123,0.00040098910646260775,0.6552516914453372,0.008108108108108107,1.1446651825008027
shopping bags,margarine,15,0.04758404063356279,0.03221279155249616,0.0010024727661565194,0.654007762599655,0.012722646310432571,2.978753218073315
newspapers,cream cheese,9,0.038895943326872955,0.023658357281293858,0.0006014836596939117,0.6536344574523851,0.009708737864077669,1.760373038908967
bottled beer,coffee,14,0.04531176903027468,0.03161130789280225,0.0009356412484127515,0.6532145908560809,0.012313104661389622,2.78793415982683
bottled water,cream cheese,14,0.06068301811134131,0.023658357281293858,0.0009356412484127515,0.6517148261529656,0.011217948717948718,2.841361046301615
root vegetables,dessert,16,0.06957160997126245,0.02359152576355009,0.0010693042839002875,0.6514982053103222,0.011611030478955007,3.2832375292417657
sausage,napkins,13,0.06034886052262247,0.022121232373187194,0.0008688097306689834,0.6507981116988353,0.010647010647010645,2.6509319157317326
yogurt,domestic eggs,31,0.08587850030074183,0.037091492347791216,0.0020717770500568067,0.6504055806779542,0.017136539524599224,6.617858392954877
whipped/sour cream,brown bread,16,0.043707812604424245,0.03762614448974136,0.0010693042839002875,0.650208309569204,0.013322231473771859,3.271538382185637
other vegetables,chocolate,28,0.12210118291786407,0.02359152576355009,0.001871282496825503,0.6496260840306948,0.013011152416356878,6.1727985956465545
bottled water,beef,20,0.06068301811134131,0.03395041101383412,0.0013366303548753592,0.6487824759790489,0.014326647564469915,4.190555961111797
newspapers,pork,14,0.038895943326872955,0.037091492347791216,0.0009356412484127515,0.6485310052320362,0.01246660730186999,2.8814819016363935
chocolate,hamburger meat,5,0.02359152576355009,0.021853906302212123,0.0003341575887188398,0.6481361159480555,0.0074074074074074086,1.0000412215730727
other vegetables,chicken,33,0.12210118291786407,0.027868742899151238,0.002205440085544343,0.648123865439668,0.014925373134328361,7.386967363387885
soda,fruit/vegetable juice,32,0.09710619528169484,0.03401724253157789,0.002138608567800575,0.6474187271913542,0.016580310880829018,7.044937679255021
frozen vegetables,napkins,6,0.028002405934638777,0.022121232373187194,0.00040098910646260775,0.647333242001889,0.008064516129032258,1.2128362954900016
pastry,white bread,12,0.0517275947336764,0.023992514870012697,0.0008019782129252155,0.6461963680335127,0.010704727921498663,2.5116264379608104
pastry,frozen vegetables,14,0.0517275947336764,0.028002405934638777,0.0009356412484127515,0.6459393289054165,0.011874469889737066,2.947768552532955
whole milk,dessert,36,0.15792287642852368,0.02359152576355009,0.0024059346387756467,0.645777262542574,0.013432835820895524,8.507250321427236
sausage,frankfurter,22,0.06034886052262247,0.037759807525228894,0.0014702933903628951,0.6452160448455982,0.015214384508990316,4.746738709498635
citrus fruit,domestic eggs,19,0.05313105660629553,0.037091492347791216,0.0012697988371315912,0.6443356564111281,0.014274981217129978,4.091166888992579
tropical fruit,butter,23,0.0677671589921807,0.03522020985096572,0.0015371249081066632,0.6440179049287209,0.015151515151515152,5.031918609798303
canned beer,napkins,10,0.04691572545612511,0.022121232373187194,0.0006683151774376796,0.6439521092089068,0.009775171065493648,2.1122579056610578
soda,dessert,22,0.09710619528169484,0.02359152576355009,0.0014702933903628951,0.6418019570723072,0.012331838565022422,4.988843128889027
soda,cream cheese,22,0.09710619528169484,0.023658357281293858,0.0014702933903628951,0.639988957193572,0.012324929971988797,5.054094509442641
newspapers,brown bread,14,0.038895943326872955,0.03762614448974136,0.0009356412484127515,0.6393156445893075,0.01237842617152962,3.0800168164739197
bottled beer,pork,16,0.04531176903027468,0.037091492347791216,0.0010693042839002875,0.6362326928698611,0.013147082990961382,3.6199680599169106
sausage,chicken,16,0.06034886052262247,0.027868742899151238,0.0010693042839002875,0.6357916988668203,0.01226993865030675,3.654376231708589
beef,chicken,9,0.03395041101383412,0.027868742899151238,0.0006014836596939117,0.6357134764629242,0.009825327510917033,2.0005203536994234
citrus fruit,curd,17,0.05313105660629553,0.03368308494285905,0.0011361358016440553,0.6348482579614655,0.013260530421216847,3.9022607788200094
root vegetables,canned beer,31,0.06957160997126245,0.04691572545612511,0.0020717770500568067,0.6347351193652826,0.018107476635514014,7.348027008053141
citrus fruit,hamburger meat,11,0.05313105660629553,0.021853906302212123,0.0007351466951814476,0.6331352297424654,0.009900990099009901,2.5247281704043285
butter,white bread,8,0.03522020985096572,0.023992514870012697,0.0005346521419501437,0.6327083983022629,0.009111617312072894,1.811452866384318
white bread,napkins,5,0.023992514870012697,0.022121232373187194,0.0003341575887188398,0.629602201482803,0.007299270072992701,1.1415696001793483
canned beer,beef,15,0.04691572545612511,0.03395041101383412,0.0010024727661565194,0.629374453193351,0.012552301255230125,3.5556755661206045
bottled water,frozen vegetables,16,0.06068301811134131,0.028002405934638777,0.0010693042839002875,0.6292725494937601,0.012204424103737604,3.827483442994318
whipped/sour cream,coffee,13,0.043707812604424245,0.03161130789280225,0.0008688097306689834,0.6288153564663059,0.011669658886894073,3.0758127782971485
curd,coffee,10,0.03368308494285905,0.03161130789280225,0.0006683151774376796,0.6276636799892614,0.010341261633919338,2.3603397161691313
root vegetables,curd,22,0.06957160997126245,0.03368308494285905,0.0014702933903628951,0.6274225027827334,0.0144451739986868,5.4136889191999344
coffee,cream cheese,7,0.03161130789280225,0.023658357281293858,0.00046782062420637575,0.6255360064977724,0.008536585365853657,1.6596416806275627
bottled water,pork,21,0.06068301811134131,0.037091492347791216,0.001403461872619127,0.6235325634004049,0.014563106796116505,5.277373009459518
tropical fruit,pip fruit,31,0.0677671589921807,0.049054334023925686,0.0020717770500568067,0.6232271361699154,0.0180547466511357,7.965159367945528
fruit/vegetable juice,napkins,7,0.03401724253157789,0.022121232373187194,0.00046782062420637575,0.621685788733314,0.008403361344537816,1.7059960476953653
other vegetables,root vegetables,79,0.12210118291786407,0.06957160997126245,0.005279689901757669,0.6215219776781935,0.02832556471853711,22.290741475292617
butter,curd,11,0.03522020985096572,0.03368308494285905,0.0007351466951814476,0.6196838950634017,0.010784313725490198,2.7540012276472887
soda,newspapers,35,0.09710619528169484,0.038895943326872955,0.0023391031210318785,0.61929578097691,0.017499999999999998,9.439265877218427
citrus fruit,canned beer,23,0.05313105660629553,0.04691572545612511,0.0015371249081066632,0.616655019799674,0.015603799185888738,6.073568723617328
tropical fruit,white bread,15,0.0677671589921807,0.023992514870012697,0.0010024727661565194,0.6165631026355262,0.011045655375552283,3.931189549637377
domestic eggs,butter,12,0.037091492347791216,0.03522020985096572,0.0008019782129252155,0.6138981486230063,0.011214953271028037,3.136717950391139
pork,butter,12,0.037091492347791216,0.03522020985096572,0.0008019782129252155,0.6138981486230063,0.011214953271028037,3.136717950391139
rolls/buns,whipped/sour cream,44,0.11000467820624206,0.043707812604424245,0.0029405867807257902,0.6115947845021384,0.01950354609929078,12.752069695396038
tropical fruit,pork,23,0.0677671589921807,0.037091492347791216,0.0015371249081066632,0.6115269115269116,0.014877102199223806,6.323022346975314
chicken,chocolate,6,0.027868742899151238,0.02359152576355009,0.00040098910646260775,0.6099007479568753,0.007853403141361256,1.5771967459230454
butter,hamburger meat,7,0.03522020985096572,0.021853906302212123,0.00046782062420637575,0.6077967144241538,0.008264462809917356,1.8772850632392368
bottled beer,whipped/sour cream,18,0.04531176903027468,0.043707812604424245,0.0012029673193878234,0.6074125192822928,0.013698630136986302,5.002757850326145
canned beer,butter,15,0.04691572545612511,0.03522020985096572,0.0010024727661565194,0.6066835336285051,0.012355848434925865,4.1596214345342055
newspapers,fruit/vegetable juice,12,0.038895943326872955,0.03401724253157789,0.0008019782129252155,0.6061207542584003,0.011121408711770158,3.3083275494880104
bottled water,hamburger meat,12,0.06068301811134131,0.021853906302212123,0.0008019782129252155,0.6047366932061593,0.009811937857726901,3.374209358859881
pastry,chocolate,11,0.0517275947336764,0.02359152576355009,0.0007351466951814476,0.6024148860633477,0.009856630824372761,3.1174002680529456
pork,white bread,8,0.037091492347791216,0.023992514870012697,0.0005346521419501437,0.6007879746041307,0.00883002207505519,2.2580721454640917
butter,napkins,7,0.03522020985096572,0.022121232373187194,0.00046782062420637575,0.6004517390232578,0.008225616921269096,1.972628069270221
frankfurter,dessert,8,0.037759807525228894,0.02359152576355009,0.0005346521419501437,0.6001855148035801,0.008791208791208793,2.267809096169558
root vegetables,citrus fruit,33,0.06957160997126245,0.05313105660629553,0.002205440085544343,0.5966432856650897,0.018302828618968384,10.214213652635102
yogurt,dessert,18,0.08587850030074183,0.02359152576355009,0.0012029673193878234,0.5937632962599618,0.011111111111111112,5.6050825469054
whipped/sour cream,fruit/vegetable juice,13,0.043707812604424245,0.03401724253157789,0.0008688097306689834,0.5843411858714395,0.011304347826086955,4.160934324465984
whipped/sour cream,chocolate,9,0.043707812604424245,0.02359152576355009,0.0006014836596939117,0.5833225043532501,0.009018036072144289,2.868875624787673
fruit/vegetable juice,curd,10,0.03401724253157789,0.03368308494285905,0.0006683151774376796,0.5832709639192941,0.009970089730807577,3.189688037125322
bottled water,fruit/vegetable juice,18,0.06068301811134131,0.03401724253157789,0.0012029673193878234,0.5827570687968983,0.012866333095067906,5.926269289743311
newspapers,chocolate,8,0.038895943326872955,0.02359152576355009,0.0005346521419501437,0.582654322790417,0.008629989212513484,2.5484076657466797
citrus fruit,newspapers,18,0.05313105660629553,0.038895943326872955,0.0012029673193878234,0.582104648900992,0.013245033112582781,5.9339821345515436
other vegetables,pastry,55,0.12210118291786407,0.0517275947336764,0.0036757334759072377,0.5819716879593918,0.0216025137470542,19.837852116885962
shopping bags,whipped/sour cream,18,0.04758404063356279,0.043707812604424245,0.0012029673193878234,0.5784068652716216,0.013353115727002969,6.07307793579421
whipped/sour cream,pork,14,0.043707812604424245,0.037091492347791216,0.0009356412484127515,0.5771330963991516,0.011715481171548118,4.7106822990584405
tropical fruit,brown bread,22,0.0677671589921807,0.03762614448974136,0.0014702933903628951,0.5766270437673636,0.01414790996784566,7.622644848560204
domestic eggs,napkins,7,0.037091492347791216,0.022121232373187194,0.00046782062420637575,0.570158678315778,0.007963594994311719,2.4090653793929633
pork,coffee,10,0.037091492347791216,0.03161130789280225,0.0006683151774376796,0.5699864769632211,0.009823182711198428,3.4790842149069925
citrus fruit,pip fruit,22,0.05313105660629553,0.049054334023925686,0.0014702933903628951,0.5641286651928777,0.0145985401459854,8.228403000662995
tropical fruit,frozen vegetables,16,0.0677671589921807,0.028002405934638777,0.0010693042839002875,0.5634906064500337,0.011291460832745237,5.970777695657019
bottled beer,dessert,9,0.04531176903027468,0.02359152576355009,0.0006014836596939117,0.5626739201283563,0.008806262230919765,3.2817339426331085
pip fruit,hamburger meat,9,0.049054334023925686,0.021853906302212123,0.0006014836596939117,0.5610704197185211,0.008555133079847909,3.3224266968037544
whipped/sour cream,napkins,8,0.043707812604424245,0.022121232373187194,0.0005346521419501437,0.552971719467465,0.008188331627430911,3.0915867675818687
newspapers,frozen vegetables,9,0.038895943326872955,0.028002405934638777,0.0006014836596939117,0.5522353172748075,0.009072580645161291,3.4976987591177036
soda,beef,27,0.09710619528169484,0.03395041101383412,0.001804450979081735,0.5473348651446099,0.01396070320579111,11.588537985410406
pastry,cream cheese,10,0.0517275947336764,0.023658357281293858,0.0006683151774376796,0.5461028628155157,0.00894454382826476,4.0747925926459345
pastry,shopping bags,20,0.0517275947336764,0.04758404063356279,0.0013366303548753592,0.5430348692041925,0.01364256480218281,8.515470044686396
fruit/vegetable juice,hamburger meat,6,0.03401724253157789,0.021853906302212123,0.00040098910646260775,0.5393918638813288,0.007228915662650603,2.497680997770963
coffee,dessert,6,0.03161130789280225,0.02359152576355009,0.00040098910646260775,0.537692625577203,0.007317073170731706,2.5223047793356805
whipped/sour cream,domestic eggs,13,0.043707812604424245,0.037091492347791216,0.0008688097306689834,0.5359093037992121,0.010869565217391304,5.673906149548464
coffee,white bread,6,0.03161130789280225,0.023992514870012697,0.00040098910646260775,0.5287061193001467,0.007263922518159806,2.666967094358575
margarine,cream cheese,6,0.03221279155249616,0.023658357281293858,0.00040098910646260775,0.52616217736831,0.007228915662650602,2.7096261911933657
brown bread,cream cheese,7,0.03762614448974136,0.023658357281293858,0.00046782062420637575,0.5255391315691765,0.007692307692307694,3.191156846857427
frankfurter,pork,11,0.037759807525228894,0.037091492347791216,0.0007351466951814476,0.5248919716176353,0.009918845807033365,5.1055081785778285
tropical fruit,frankfurter,20,0.0677671589921807,0.037759807525228894,0.0013366303548753592,0.5223508055366464,0.012828736369467608,9.73818306782384
pip fruit,beef,13,0.049054334023925686,0.03395041101383412,0.0008688097306689834,0.5216776802763414,0.010577705451586655,6.206221421462514
canned beer,hamburger meat,8,0.04691572545612511,0.021853906302212123,0.0005346521419501437,0.5214633593838487,0.00783545543584721,3.7684395488782756
yogurt,white bread,16,0.08587850030074183,0.023992514870012697,0.0010693042839002875,0.5189686006308054,0.00982800982800983,7.995924419150761
root vegetables,chicken,15,0.06957160997126245,0.027868742899151238,0.0010024727661565194,0.517038818512913,0.010395010395010394,7.481431404012865
bottled water,canned beer,22,0.06068301811134131,0.04691572545612511,0.0014702933903628951,0.5164382444118126,0.013853904282115869,11.126656941467024
shopping bags,hamburger meat,8,0.04758404063356279,0.021853906302212123,0.0005346521419501437,0.5141394357969971,0.00775945683802134,3.9427748864687384
root vegetables,brown bread,20,0.06957160997126245,0.03762614448974136,0.0013366303548753592,0.5106102719239426,0.012626262626262626,10.476672737844355
newspapers,curd,10,0.038895943326872955,0.03368308494285905,0.0006683151774376796,0.5101115474826815,0.00929368029739777,5.065697569122402
chicken,dessert,5,0.027868742899151238,0.02359152576355009,0.0003341575887188398,0.5082506232973961,0.006535947712418301,2.5062435562857237
beef,dessert,6,0.03395041101383412,0.02359152576355009,0.00040098910646260775,0.5006468738149942,0.007017543859649122,3.168139730699351
beef,cream cheese,6,0.03395041101383412,0.023658357281293858,0.00040098910646260775,0.49923261710930206,0.007009345794392523,3.195355130653963
tropical fruit,beef,17,0.0677671589921807,0.03395041101383412,0.0011361358016440553,0.4938168786593984,0.011295681063122924,9.79432457389738
whipped/sour cream,frozen vegetables,9,0.043707812604424245,0.028002405934638777,0.0006014836596939117,0.4914387685840029,0.008458646616541353,5.095699365308637
cream cheese,chocolate,4,0.023658357281293858,0.02359152576355009,0.00026732607097507187,0.4789616043277157,0.005689900426742532,2.3782932003439243
pip fruit,domestic eggs,13,0.049054334023925686,0.037091492347791216,0.0008688097306689834,0.47749957041510177,0.01018808777429467,8.11713826145528
bottled beer,napkins,7,0.04531176903027468,0.022121232373187194,0.00046782062420637575,0.46672281189565906,0.006986027944111777,4.568760991113785
pip fruit,cream cheese,8,0.049054334023925686,0.023658357281293858,0.0005346521419501437,0.46069058944872926,0.0074074074074074086,5.440002839335138
pork,chicken,7,0.037091492347791216,0.027868742899151238,0.00046782062420637575,0.4525719964568886,0.007253886010362694,4.951701433823542
curd,napkins,5,0.03368308494285905,0.022121232373187194,0.0003341575887188398,0.44846664748477444,0.006024096385542169,3.589044281849161
chicken,hamburger meat,4,0.027868742899151238,0.021853906302212123,0.00026732607097507187,0.438929590272736,0.005405405405405406,3.016971653154581
rolls/buns,beef,24,0.11000467820624206,0.03395041101383412,0.001603956425850431,0.4294735029324251,0.011267605633802816,21.156282709714702
sausage,beef,13,0.06034886052262247,0.03395041101383412,0.0008688097306689834,0.42404365152030415,0.009298998569384835,11.20329730571267
shopping bags,fruit/vegetable juice,10,0.04758404063356279,0.03401724253157789,0.0006683151774376796,0.41287719917882615,0.008257638315441785,9.074881325612045
whipped/sour cream,dessert,6,0.043707812604424245,0.02359152576355009,0.00040098910646260775,0.3888816695688333,0.005994005994005994,6.171095269336862
pork,chocolate,5,0.037091492347791216,0.02359152576355009,0.0003341575887188398,0.3818747926396652,0.005537098560354375,5.320903197903157
domestic eggs,cream cheese,5,0.037091492347791216,0.023658357281293858,0.0003341575887188398,0.38079605028757574,0.005530973451327434,5.35498388249574
sausage,citrus fruit,18,0.06034886052262247,0.05313105660629553,0.0012029673193878234,0.3751770826803736,0.010714285714285714,21.05201091704078
beef,hamburger meat,4,0.03395041101383412,0.021853906302212123,0.00026732607097507187,0.3603024392593128,0.004813477737665464,4.807718526331104
shopping bags,frozen vegetables,7,0.04758404063356279,0.028002405934638777,0.00046782062420637575,0.351093427368534,0.006227758007117438,9.068758413336123
napkins,hamburger meat,2,0.022121232373187194,0.021853906302212123,0.00013366303548753594,0.2764858597337325,0.0030487804878048786,3.958789190543888
